timestamp,temperature,humidity,pressure,temperature_filt,humidity_filt,pressure_filt,temperature_mean,temperature_std,temperature_skew,temperature_kurt,temperature_gradient,temperature_energy,humidity_mean,humidity_std,humidity_skew,humidity_kurt,humidity_gradient,humidity_energy,pressure_mean,pressure_std,pressure_skew,pressure_kurt,pressure_gradient,pressure_energy,temp_rh_ratio,pressure_temp_product,anomaly_iforest,anomaly_zscore,anomaly_residual,anomaly_combined,anomaly
2025-01-01 05:00:00,24.53172608610164,56.42824290986816,1013.3519821499264,25.67219700281867,61.257702174321366,1011.9513013772447,25.80524650183363,0.10299909344306359,-0.2753183321730332,-1.9823912885708002,-0.3212313032037919,0.02781075395591809,61.30129786649087,0.03552630405622308,0.34361056704975657,-0.4472549180296615,0.005237922591980748,0.002396372764897632,1011.319410254071,0.5387889672124726,-0.1325616856921702,-2.21683766458095,1.4382864100110737,0.09994599645561054,0.42095758130729516,26097.346673695316,1,0,0,1,-1
2025-01-01 06:00:00,28.158425631014783,69.32887255572378,1016.8329946873652,25.791252137966442,61.23746629733741,1012.3033180053341,25.816611486875125,0.09613780355616046,-0.7678219141371677,0.22955007718467613,0.056824925207468624,0.017229265734592415,61.27872868017114,0.032302065563180105,-0.0097022889280104,-0.7314610182326208,-0.11284593159863476,0.0005634255796724806,1011.6445769366246,0.5450947751633903,-0.42202723996131597,-0.06087010200533408,1.6258334127680882,0.1193190862144986,0.42129808534900137,26117.23500557699,0,0,0,0,1
2025-01-01 07:00:00,26.534869458305817,62.36916460455894,1011.2252858334924,25.926208895542622,61.2848157331093,1012.4139790092227,25.839445072922796,0.10764960305387856,-1.1876022178201562,0.23824505922156072,0.1141679302383416,0.019667152100854755,61.27149371817463,0.0232538036624141,-0.9013602251002847,-0.895329651108792,-0.03617480998254763,0.0008398671411064329,1011.9534004007335,0.41935946085630965,-0.24065437460361816,-1.7131869852014663,1.54411732054416,0.11436646834908755,0.4217204948528566,26148.314306012202,0,0,0,0,1
2025-01-01 08:00:00,24.061051228130097,54.04348251398676,1014.64129214351,25.68941187397423,61.32239869351008,1012.50416190862,25.798817502201295,0.12019838505286883,0.07109710397711616,-2.9337207280485504,-0.2031378536075117,0.029585385824897375,61.27730426167242,0.03204660981014154,0.2745448336803421,0.06738862908180702,0.029052717488909252,0.0009695185058988092,1012.1734155262235,0.3402235989151639,-0.7261505832371709,-1.402184963340197,1.1000756274495416,0.05891387637319854,0.42101749403033684,26112.8772277408,0,0,0,0,1
2025-01-01 09:00:00,26.08512008717193,63.28276804316915,1012.3934220426984,25.753831095596006,61.536493962091974,1012.5810307429306,25.76658020117959,0.10138503720785429,1.1115778119921365,1.044796169758327,-0.16118650510849974,0.03031439198323635,61.32777537207403,0.12093786740978978,1.8685690924423746,3.638798447183023,0.25235555200806914,0.010119919457631575,1012.3507582086704,0.24615611808422627,-1.3345753524941746,1.821538534338335,0.8867134122348261,0.04324882748913681,0.42014535216236143,26084.817003108674,0,0,0,0,1
2025-01-01 10:00:00,45.0,55.1265916488634,1012.3469563903184,25.876808757421504,61.70234224640696,1012.5645777995907,25.807502552100164,0.09484810953909456,0.09761227613451394,-1.443854778119184,0.20461175460283343,0.021546724493322775,61.41670338649114,0.1964389234965422,0.8868003404106725,-1.0522091436429264,0.44464007208559053,0.015481275227417735,1012.4734134931396,0.11543699702529377,-0.8391779611349359,-0.5829468535308754,0.6132764223459617,0.03009480732191145,0.42020331129614685,26129.410202657764,0,0,0,0,1
2025-01-01 11:00:00,24.068540492859487,63.93542301871226,1016.2963305559616,25.909013676786152,61.8313959782036,1012.5498112994027,25.831054859864103,0.10398501334690076,-0.6933965926899176,-1.99820579534254,0.11776153881971041,0.01891933081856865,61.53548932266439,0.23645640242339594,0.1615968384178087,-2.221126961287004,0.5939296808661894,0.018730350222083893,1012.5227121519532,0.06718474930142529,-1.3743792112152293,1.5143028956649758,0.24649329406861398,0.005355275937191396,0.41977490915271315,26154.529724455493,0,0,0,0,1
2025-01-01 12:00:00,25.48392454313207,65.79297789503703,1015.476249046964,25.84388506454056,62.091813863796105,1012.7254591733449,25.81459009366369,0.09083833582108972,-0.5991999617342071,-1.494202164926783,-0.08232383100206064,0.016125012762080775,61.69688894880174,0.29157206269062474,0.12409320908746582,-0.2201616047316565,0.8069981306868073,0.03184545143579469,1012.5850081847778,0.08356829838757619,1.5635295786147965,3.112122778138603,0.31148016412225843,0.00907653950495083,0.41840990875043377,26139.46692127913,0,0,0,0,1
2025-01-01 13:00:00,21.173439510684403,55.89658840824145,1015.440528908002,25.788860849649303,62.28699398474209,1012.9428773498903,25.834479888798704,0.0632866506052907,-0.2116660666518556,-1.7104831025721456,0.09944897567507383,0.005515979722228288,61.889808007048146,0.3008110943461979,0.30630374605422034,-1.3771964214276409,0.9645952912320084,0.03918201157579515,1012.6727512730318,0.16656426182522469,1.4391831217387125,1.3674841979926953,0.4387154412703467,0.016904081134674002,0.4174270417583066,26161.873826697592,1,0,0,1,-1
2025-01-01 14:00:00,21.550164334973932,64.8168806462216,1016.916436421463,25.535131932552797,62.52590742043939,1013.1349550879061,25.790740056190067,0.14963280627901665,-1.7732527162777014,3.2885615255657306,-0.21869916304320824,0.017561685173550313,62.08769069871763,0.3338986032348128,0.20161071684739623,-1.4813138061951616,0.9894134583474141,0.04143058072130203,1012.783536142027,0.25240240099910705,0.6214600910428958,-1.4737791598525416,0.5539243449754849,0.02310108908526983,0.4153921550400102,26120.436913827994,1,0,0,1,-1
2025-01-01 15:00:00,23.87542494151805,62.063904634682494,1013.0630115248982,25.304334300532222,62.70696984598771,1013.3032505671274,25.676245164812208,0.25159354319368404,-0.9288113947266831,-0.6953803916789406,-0.5724744568892817,0.025190493501197987,62.28861621863378,0.34608922937087294,-0.16708470247377588,-1.1164919334515442,1.0046275995807505,0.04248617042834548,1012.9312706955343,0.3032576151374451,-0.06427392635268381,-1.5213602688709535,0.738672767536741,0.028711622881628797,0.4122140819836839,26008.271641483298,0,0,0,0,1
2025-01-01 16:00:00,22.974337759331156,64.11030079997245,1015.0458589138848,25.012438124125666,62.868165616975325,1013.4497583076964,25.49693005428011,0.3460080586777487,-0.5448563158894257,-1.1774736086909858,-0.8965755526604866,0.04202373769509478,62.49597014638812,0.31263393882837276,-0.19310000694813023,-1.4888710622635521,1.0367696387717231,0.0443520126070759,1013.111260097193,0.2868788655846241,-0.28804936133482784,-1.0893611667030143,0.8999470082936796,0.03296091658539217,0.40797717975382924,25831.226935901715,0,0,0,0,1
2025-01-01 17:00:00,25.628494665190548,69.48396491326974,1012.0691997302196,24.78462997946551,62.99789606604959,1013.5552950061101,25.2850790372651,0.400460877322729,-0.013646821466131082,-1.3620714663031006,-1.0592550850750513,0.051554700623187934,62.67718658683882,0.2807802768405846,-0.43086949044616635,-0.8375016519445388,0.9060822022534865,0.034154515463184085,1013.2772272637461,0.2448454000502737,-0.3861341449368465,-1.1231476083664151,0.829835832765184,0.029018080403721114,0.4034175752100043,25620.79477802465,0,0,0,0,1
2025-01-01 18:00:00,23.183951848957577,58.77305941998565,1013.9724990574654,24.622691675572096,63.105381490297084,1013.5823112351167,25.05184520244966,0.37230580541816716,0.24864673127873405,-1.6477324065131878,-1.1661691740772078,0.05619397063188325,62.84086408794982,0.2304882004667632,-0.38257013848222693,-1.061405271787854,0.8183875055549947,0.028846082825818953,1013.4051140407913,0.18662013937393415,-0.7522922987569242,-0.8549203400845199,0.6394338852263672,0.019709923031204557,0.3986553203458927,25387.668044320748,1,0,0,1,-1
2025-01-01 19:00:00,22.175392597329417,56.23131917821255,1012.609570836897,24.48878060104786,63.009228486402556,1013.5490241068148,24.842574936148672,0.32363247328637845,0.5930787684155364,-0.6718018534380832,-1.0463513315049369,0.04690473313373717,62.93752830114245,0.15405215019106147,-0.828751154574705,0.17269006106982468,0.4833210659631675,0.01927923690606972,1013.487927844573,0.11482804804852277,-1.3703680466962813,1.1972733508993219,0.41406901890877634,0.01255275812507009,0.3947179880112918,25177.649794360845,0,0,0,0,1
2025-01-01 20:00:00,27.931297537843108,55.55242785187238,1013.290987894978,24.375675876854274,62.654350756330864,1013.5321964336323,24.656843251413083,0.2506210478303474,0.5303407502063131,-0.6161965934536061,-0.9286584236779483,0.03880975947145765,62.92700448321108,0.1742174121872379,-1.0941041020061903,0.985039273549269,-0.0526190896568437,0.037910157177148955,1013.533717017874,0.05028093995022999,-1.519083453275986,2.861268785608324,0.2289458665048869,0.006944718576749565,0.39183245829156016,24990.541990531783,0,0,0,0,1
2025-01-01 21:00:00,24.54844739902693,55.92094857517281,1014.7854710763108,24.389923679810476,62.2234266229196,1013.5158985900729,24.532340362550045,0.1721461123516559,0.8150874030935883,-0.6904462440351603,-0.6225144443151898,0.021809683889119906,62.79805668439993,0.3639467495589513,-1.2643844541890028,0.6892891007705918,-0.6447389940557287,0.06985246361154074,1013.5469450743494,0.02503105897252284,0.3106420442605073,0.10582708784260812,0.06614028237652292,0.002704938908363247,0.3906544448530656,24864.678629986756,0,0,0,0,1
2025-01-01 22:00:00,25.13505640937585,59.61449145292948,1010.5453379502997,24.40260839982141,61.90715142172988,1013.4999693483182,24.455936046621222,0.1031132506985314,1.412339360808767,1.3212495532516175,-0.3820215796440998,0.011462554158770606,62.579907755536,0.5112877318180901,-0.39015172711957147,-1.9410672669029492,-1.090744644319713,0.08649246630565795,1013.535879942791,0.031745186433827136,0.6256053380437507,0.0006286913733066039,-0.05532565779185461,0.0005280881145240688,0.3907953292510638,24786.96866083686,0,0,0,0,1
2025-01-01 23:00:00,22.150503627573087,61.70575987408322,1019.2771618270564,24.41411792339568,61.665656656403065,1013.4845406612297,24.41422129618594,0.0440740385669095,1.661037263089261,3.090055726943883,-0.2085737521764166,0.006244245131776758,62.2919627887572,0.5456261278811911,0.291454164968864,-1.5441871781994116,-1.4397248338940187,0.09584578735657572,1013.5163258280136,0.025490524452497793,0.062117652295768634,-1.1937677493196344,-0.09777057388691901,0.00042972166563203976,0.39193211790494803,24744.211866062415,0,0,0,0,1
2025-01-02 00:00:00,23.91123455094964,61.3834539966501,1009.981947855501,24.424688613457274,61.58969339023606,1013.4697065689487,24.401402898667822,0.019358471770090716,-0.22154567888226018,-1.0966278890542789,-0.06409198759058654,0.002680157853405368,62.00805576952389,0.4377578482841036,0.8222805479280993,-0.4738446472263836,-1.4195350961664985,0.09515079088633943,1013.5004623204404,0.0247234244393814,0.06913539143388078,-1.2085634098732096,-0.07931753786613172,0.0002521251422760977,0.3935198774147165,24730.833119067174,0,0,0,0,1
2025-01-02 02:00:00,22.698012845155397,60.065009459389536,1016.4743326205,24.384439070423372,61.53822345064549,1013.57371604824,24.403155537381643,0.016654840303197683,0.21902090060709078,-1.7809591358221109,0.008763193569098604,0.0004456272693114818,61.784830308386816,0.2830304313712638,1.1409036177486669,0.29416284523641895,-1.1161273056853744,0.07049298116246341,1013.508766243362,0.04018479152945547,1.2833176100285486,1.815494574516266,0.041519614607750555,0.0023590853818193066,0.3949700115806435,24732.812061136534,0,0,0,0,1
2025-01-02 03:00:00,25.751396036691343,67.26767038578659,1015.3749880818888,24.34705148336315,61.5333108858783,1013.719351901342,24.394581098092175,0.030473400692174257,-1.0770627504614845,0.8210440176097139,-0.04287219644732687,0.0006845936247328861,61.646807160978554,0.15497439062927912,1.6483012908420391,2.6396466140518107,-0.690115737041296,0.033358686069731504,1013.5494569056158,0.10304861581434911,1.5292454667495425,1.9511595007341451,0.2034533112690724,0.006547921782625969,0.39571523369694195,24725.114423411324,0,0,0,0,1
2025-01-02 04:00:00,23.79872262016239,58.67671583381022,1014.8723594511564,24.302731384303964,61.52874690364557,1013.8552381094694,24.374605694988688,0.05022788394700223,-0.6706414657910894,-0.9294963984862328,-0.09987701551744621,0.0010452674365049154,61.5711262573617,0.058286665279703845,1.4420179772586228,1.358677670751837,-0.3784045180843094,0.013356851478976282,1013.620510657846,0.1645342036309157,0.7345693502515563,-1.186155677672448,0.35526876115113737,0.010190185945900754,0.3958772038248554,24706.600271638075,0,0,0,0,1
2025-01-02 05:00:00,24.416612500413446,73.6008458329481,1014.8850365277927,24.27050877807777,61.524441760882745,1013.94084966682,24.345883865925106,0.06172842922037515,0.06751810542751821,-1.411969099435595,-0.14360914531791025,0.0012264328803252764,61.542883278257634,0.026666729846940636,2.032338514606675,4.2748693332477,-0.14121489552032074,0.001696613993767453,1013.711772458964,0.1941466427933794,-0.10481767895966997,-1.8640476712467102,0.4563090055902421,0.011608444819244897,0.39559218180039407,24679.709085807033,0,0,0,0,1
2025-01-02 06:00:00,23.796586775541208,63.12833673882504,1012.9632596814592,24.230605069809027,61.57102680167309,1014.0202705502821,24.307067157195455,0.060800748583822735,0.05771025653499658,-1.19829130766806,-0.19408354364824731,0.0015225461693689918,61.539149960545046,0.018544816957889534,1.821666777269699,3.543097636091621,-0.018666588562965103,0.0009765636375031728,1013.8218852552307,0.17799066925067936,-0.504950231033884,-0.9582049812850949,0.5505639813334255,0.012825970106466083,0.3949854162398111,24643.036650333397,0,0,0,0,1
2025-01-02 07:00:00,28.70455636901788,55.714212217918586,1010.3082368855426,24.247073873610123,61.615611209205696,1014.0934901964827,24.279594117832808,0.04643776957689717,0.6933450089919119,-0.5063381357240964,-0.1373651968132492,0.0012527853262092143,61.554627512257085,0.038805064215792995,1.2598524304973338,0.4831939843297519,0.07738775856020652,0.0008442865802184854,1013.9258400848792,0.14566311229929313,-0.48513942722536035,-0.46895556279258227,0.5197741482426181,0.01173459906792124,0.3944397798290364,24617.70786284352,0,0,0,0,1
2025-01-02 08:00:00,24.97300555052413,54.64553750969444,1013.2274136745812,24.26294721696257,61.532673226120636,1014.0170024366657,24.262773264552692,0.027100661394337994,0.5674164166032485,0.5380675608259023,-0.08410426640057977,0.0010236115988089863,61.55449998030555,0.0388935818380176,1.2613231488298464,0.469651476685294,-0.0006376597576647214,0.0022152017293436553,1013.985370191944,0.09058836203643184,-0.5346388821327219,-0.021380476965262574,0.2976505353237826,0.008662714206539556,0.394167329409682,24602.09713054066,0,0,0,0,1
2025-01-02 09:00:00,22.8845781420882,62.41236207621593,1010.9685148654636,24.27818220288725,61.55735572178174,1013.9224106873364,24.25786342826935,0.01909211209464227,-0.6566455456897065,-0.8282117586535556,-0.02454918141671314,0.0006771783219108472,61.56022174393278,0.03616657379286089,0.920056616052772,0.5050554084319087,0.028608818136170555,0.0023328808609915964,1013.9988047075174,0.06883333972998999,0.2865735076670654,-0.9818311152225109,0.06717257786704067,0.006759221702925094,0.3940509365791751,24597.44452102332,0,0,0,0,1
2025-01-02 10:00:00,26.645089824206377,58.88268607337075,1015.9253592002532,24.351022176152384,61.48246034073076,1013.8352371646417,24.27396610788427,0.04658379803748963,1.4644383104082854,2.439502912024152,0.08051339807461488,0.0015306513925622033,61.55182545990239,0.04910759857941348,-0.26038905029078285,0.5923633889913695,-0.04198142015198414,0.003451037630704204,1013.9776822070817,0.10014597951295494,-0.5674902318725561,-0.46175239758857956,-0.10561250217824636,0.006813198564326088,0.3943663007903984,24613.259892045746,0,0,0,0,1
2025-01-02 11:00:00,22.558312700057957,63.57000247046046,1012.5588278554936,24.41910480968871,61.40923490030194,1013.7183362395377,24.311666055860208,0.07203963095054547,0.9790406317688977,-0.5769978184319046,0.18849973987968482,0.0021392392036912095,61.51946707962816,0.07806131763629097,-0.38954142251350476,-0.01950824887039933,-0.16179190137115285,0.004089397450815508,1013.9172953449328,0.14775872829917888,-0.2540595721370392,-0.9853819561341268,-0.30193431074440014,0.008284828476378897,0.39518654524763175,24650.01869268699,0,0,0,0,1
2025-01-02 12:00:00,25.41772719000951,62.366188122867726,1010.5235084096224,24.4817338200707,61.43656599532358,1013.6114087262038,24.358598045152327,0.09286639600941966,0.3605225015606908,-1.8012876463350362,0.23465994646057808,0.0028694734922488836,61.48365803685173,0.06243343585027387,0.00237179611948749,-2.1697066638476143,-0.17904521388211236,0.00384124132282528,1013.820879050877,0.16075762513961797,-0.16808834076878018,-1.2215562752833737,-0.48208147027889936,0.009499303779990139,0.3961800326579849,24695.255282583308,0,0,0,0,1
2025-01-02 13:00:00,21.08065975224045,59.63585543671564,1012.035842475041,24.296274042533717,61.463697618174,1013.4656616694934,24.365263410266554,0.0851612220138976,0.5022247412399965,-1.5210986406649063,0.03332682557114808,0.00969814670322547,61.46986291526241,0.05620528953017014,0.966257264812359,1.1895747744158989,-0.06897560794663349,0.002612724506881221,1013.7106108974427,0.1804797311590396,-0.30023093247968813,-0.9895558601810279,-0.5513407671722916,0.012577669207571984,0.39637737678831725,24699.326056298418,0,0,0,0,1
2025-01-02 14:00:00,22.34362790220314,55.76603140965798,1014.2387943628268,24.091120900194188,61.40866513386756,1013.3813770942904,24.32785114972794,0.14965153515475335,-1.1042063889072553,1.4005786988621847,-0.18706130269306342,0.018069288106357082,61.44012479767957,0.03280448655612946,0.334271124437197,-2.1591492518537265,-0.14869058791418155,0.003096594254256953,1013.6024041788335,0.18390487338251868,0.05535564932660908,-1.600891859934901,-0.5410335930459951,0.012208927322766662,0.3959603082493483,24658.76841386904,0,0,0,0,1
2025-01-02 15:00:00,25.393722471738247,52.42576387657068,1011.308826341588,23.909228054662425,61.35305060921443,1013.2569310800726,24.23949232542995,0.23730482401162567,-0.5954416417876255,-1.347802595313168,-0.4417941214899592,0.023625157216432408,61.4142428513763,0.04106329785233277,-0.5858402738715487,0.9039523476090304,-0.12940973151633273,0.0025933257041814094,1013.4867429619196,0.18271349636294792,0.07123252288968357,-1.235773752830589,-0.5783060845691352,0.013786444801907122,0.3946884436791245,24566.404127950445,0,0,0,0,1
2025-01-02 16:00:00,26.47693315999082,57.767425239664895,1010.5333388133008,24.085095979414696,61.23640303849029,1013.0806737900937,24.172690559375145,0.22052183872454234,0.4624026438140328,-0.4539968847699261,-0.3340088302740156,0.028884013609918147,61.37967647901397,0.08996183455213361,-1.2351439006794425,1.2156221217629704,-0.17283186181165178,0.004242263830151103,1013.3592104720308,0.2021576941377055,-0.2734288348780622,-0.2892483586282104,-0.6376624494440648,0.017266605998016334,0.3938223782234749,24495.61862023311,0,0,0,0,1
2025-01-02 17:00:00,25.34273656237994,64.28199397161737,1013.7310616344756,24.233542452415218,61.120125063574314,1012.9884780862376,24.123052285844047,0.1503287649846949,-0.4068167286800935,-0.30743931212810577,-0.24819136765548322,0.03250680609089162,61.316388292664115,0.13827153922395305,-0.6367532796073646,-0.9218268691434162,-0.3164409317492698,0.006796979569246647,1013.2346243440376,0.1998130121030669,-0.15973215834591445,-2.082643778992793,-0.6229306399661709,0.016679916938362516,0.393419321720076,24442.31182087877,0,0,0,0,1
2025-01-02 18:00:00,24.76870343522352,61.07046872065102,1013.7348997133262,24.363192047057293,61.00373556133621,1013.052668640928,24.136435886748764,0.17114370744078533,0.05132663423274651,-0.11910254812599656,0.06691800452357555,0.02898954375224897,61.22439588129656,0.16599303337486743,-0.31791409969243806,-1.5525312694562114,-0.4599620568377958,0.009359057823794033,1013.1520257383245,0.1622636304247265,0.7314730549308911,-1.2799296814445593,-0.4129930285654382,0.013255561492710838,0.3942290511010686,24453.878912762702,0,0,0,0,1
2025-01-02 19:00:00,24.397792608821423,53.77130610644006,1011.4791704738866,24.47606117112789,60.88680557593286,1012.9206004621335,24.213423940935506,0.2240629140064004,-0.3251553418528067,-1.0095877058359808,0.38494027093370065,0.023119869223585006,61.12002396970962,0.1842276619476953,-0.001838047440096971,-1.1924946614422833,-0.5218595579346967,0.011487867255291533,1013.0598704118931,0.12630373714072005,0.9504083463990861,1.3834636767592368,-0.46077663215692155,0.015323184339299406,0.39616187907212735,24529.648119832356,0,0,0,0,1
2025-01-02 20:00:00,22.042956019265144,60.86590462925591,1011.586885083145,24.509369962112604,60.88601181096532,1012.8123384187002,24.33345232242554,0.175948576394959,-0.6077833786537319,-1.1183207579926748,0.6001419074501797,0.016724762883829326,61.0266162100598,0.1521467659975946,0.5354343694095928,-1.499746292119814,-0.46703879824910643,0.01086939819737755,1012.9709518796186,0.10807079839675493,-0.7414684613975842,-0.40333719314324057,-0.4445926613724396,0.014569956258031402,0.3987350673341,24649.080361564716,0,0,0,0,1
2025-01-02 21:00:00,23.560311583210584,61.92658689864418,1013.6961498120728,24.496789039040653,60.89333738809888,1012.8821577855731,24.41579093435073,0.11718722301694365,-1.1984935908601169,0.24390539960841076,0.41169305962595715,0.010570513417563676,60.958003079981516,0.10345104702075797,1.2616375871023988,0.3515829167846671,-0.34306565039140935,0.008158799862276824,1012.9312486787145,0.09311412695369757,0.0911694545703225,-0.7861871281097509,-0.19851600452057028,0.00933157860199523,0.40053461892084535,24731.517598610324,0,0,0,0,1
2025-01-02 22:00:00,24.078722458080424,55.580712818994336,1008.655746975508,24.44996993492501,60.89220356445327,1012.7819699419776,24.45907643085269,0.05813111221419814,-1.4774534892969524,2.184318113598606,0.21642748250979338,0.006601648050342984,60.9124187801573,0.05114898152975999,2.213977108329594,4.9209636635776235,-0.2279214991210452,0.005454943483376721,1012.8899470498625,0.10625532454968196,0.9067169434167264,0.5726989775531331,-0.20650814425994213,0.009639089840952967,0.40154498079586104,24774.35263093492,0,0,0,0,1
2025-01-02 23:00:00,27.11424445243783,60.76862552972764,1008.7776086768704,24.408591069332402,60.88690558415256,1012.6817713939123,24.468156235307713,0.0401859653870038,-0.7921555641994696,-0.20700086207299742,0.0453990222751095,0.0035822866757183615,60.88905278472057,0.003434864548941691,0.6227115210037719,-2.9008358302641395,-0.11682997718364874,0.0027512539561832033,1012.8157676004594,0.09287977436373798,-0.5199303982276545,-0.20811354924222888,-0.37089724701570503,0.010822954185541253,0.4018481929743458,24781.734439231146,0,0,0,0,1
2025-01-03 00:00:00,25.68723657913692,60.29104359223,1010.8446673362428,24.371913901873008,60.88166147897542,1012.5397347611221,24.447326781456734,0.0580741234379186,-0.2704874188376985,-1.9120686750335263,-0.10414726925488083,0.0013034417645945656,60.88802396532909,0.0047823185919465706,-0.16793336787374838,-1.4067929954919052,-0.005144096957444333,2.22297867196721e-05,1012.7395944602571,0.1329464864222067,-0.8543244870572125,0.20668459903914402,-0.38086570101143025,0.011369434426399098,0.40151288854216494,24758.775810289873,0,0,0,0,1
2025-01-03 01:00:00,21.47391968927453,54.28514851084688,1012.3596585448644,24.339355010582963,60.854646117124005,1012.4070465102604,24.41332379115081,0.06228552308388148,0.26700593518507687,-1.0889069470419497,-0.17001495152964097,0.0012935629336292527,60.881750826560825,0.01584891889094887,-1.7874605916574315,3.300314487496275,-0.031365693841316045,0.0001680697293474735,1012.6585360785691,0.18917136566871232,-0.2773989493057755,-1.2333050473870486,-0.40529190843972174,0.012546534800070485,0.4009957509222005,24722.360731158882,0,0,0,0,1
2025-01-03 02:00:00,-10.0,61.78893680174141,1013.932722696794,24.31039925104886,60.82787942426537,1012.2817966286809,24.37604583355245,0.05521939939843215,0.26251954437794955,-1.0936108985299977,-0.18638978799179284,0.0014295942106001417,60.86865923379412,0.02699853464173954,-1.0426071806183472,-0.3521101857171847,-0.06545796383350933,0.0003006280825972524,1012.5384638471908,0.20185543333893632,-0.09101218409622297,-1.543054942718862,-0.600361156892177,0.014709092569099792,0.40046956413900064,24681.68400297391,0,0,0,0,1
2025-01-03 03:00:00,24.229835439167367,62.803922631841175,1017.4260686508486,24.301446206699417,60.82493841829017,1012.2883225601946,24.34634108790733,0.04439932508879547,0.574540640081158,-1.187966759003075,-0.14852372822559445,0.0010072199091865034,60.8552062045615,0.029016967948423813,0.03807662383895054,-2.8928706952806973,-0.06726514616310197,0.00030210087461461887,1012.439734370834,0.17140621460975206,0.6398379729207317,-1.2216747500408094,-0.4936473817830347,0.012710089324662822,0.40006997274807427,24649.20310394262,0,0,0,0,1
2025-01-03 04:00:00,23.64615599938808,65.41525621587638,1015.572978869606,24.228811331746375,60.87463977141804,1012.430497755815,24.310385140390125,0.05328985095657954,-0.7882227683928761,1.1949861041596168,-0.17977973758602772,0.0017199428175290812,60.85275304201459,0.02603200212037755,-0.053337659876959445,-2.803264901259787,-0.012265812734518988,0.0007905320561095717,1012.3894796432147,0.10769873247092386,0.39455767464927904,-1.0149722307805848,-0.25127363809724557,0.014744896767723975,0.3994952327647406,24611.578162205697,0,0,0,0,1
2025-01-03 05:00:00,26.223352577681737,65.26901026017451,1012.5201844101096,24.164517208783156,60.977262171189196,1012.5626770303949,24.268905801772156,0.07114812046122237,-0.8635536812969092,-0.6805033762742939,-0.20739669308985142,0.0022776467444820766,60.87187318045735,0.062348992749543544,1.6794002398066594,2.922602613699432,0.09560069221377887,0.002891303315246014,1012.3940680970693,0.1158787435513564,0.6015088109244302,-0.41631926532351926,0.022942269272789417,0.01420428788253612,0.3986883290273915,24569.69627292068,0,0,0,0,1
2025-01-03 06:00:00,27.0619990449919,53.111653160214544,1012.942951376292,24.171721771879845,61.07651597310131,1012.683955989225,24.23537915403153,0.06911889083507236,0.12179165425068957,-2.941463991785472,-0.16763323870311808,0.0020760116099575268,60.91624715165282,0.10872699970485726,0.9143233551762768,-0.7806390229344397,0.22186985597730313,0.0047156007988552575,1012.4494499928621,0.17481584004996104,0.42469926209220543,-1.7726845649805167,0.27690947896451235,0.013624770670174258,0.3978475347611171,24537.0962948677,0,0,0,0,1
2025-01-03 07:00:00,26.8625602382324,55.31087480042439,1009.9924119060864,24.393434138110663,61.1717242281588,1012.7069657846756,24.251986131443893,0.09628614752778901,0.8178980213655226,-0.6323075403414874,0.08303488706180318,0.011739599075851863,60.9850161124315,0.1423903730969941,0.2637634349572206,-1.6436092396606696,0.3438448038934325,0.0063852319957560634,1012.534483824061,0.1762776800955945,-0.5741083786558965,-1.3025137806724143,0.42516915599469485,0.010593154240373727,0.39767121958387125,24555.972259309827,0,0,0,0,1
2025-01-03 08:00:00,23.321564953554724,62.5751763360433,1012.9444605920228,24.58447880528307,61.24993753319309,1012.7279657045294,24.308592651160623,0.17969952529375696,1.1163123457671789,-0.007602309330592287,0.2830325985836524,0.01902318064623032,61.07001593541209,0.14961092447235255,-0.17158693783032677,-1.2985172189094254,0.4249991149029242,0.007606966309404184,1012.6224124529278,0.1249779314204234,-1.1244346285239288,-0.012973810441190873,0.4396431443348092,0.010672836010722709,0.39804463582955113,24615.425733753782,0,0,0,0,1
2025-01-03 09:00:00,24.381575248297573,62.56892975456105,1012.1340240832396,24.750387498658363,61.32405343456475,1012.7094487637614,24.412907884543017,0.2566987370114755,0.3479242102053589,-1.9462294403888183,0.5215761669119878,0.023473154541840905,61.159898668041436,0.13738849322270097,-0.24369461879681167,-1.1486619939773501,0.44941366314671427,0.00821155477608269,1012.6782026545173,0.06644409085292516,-1.9376084510973388,3.9218532570746945,0.2789510079463753,0.006698654179861782,0.3991652703331652,24722.419678089318,0,0,0,0,1
2025-01-03 10:00:00,25.662526862807127,62.57523843153024,1013.9681556810144,24.84205992555157,61.394219207532565,1012.7302569992225,24.548416427896704,0.2712184019481847,-0.49224590688595715,-1.1128714967965223,0.6775427167684143,0.02432717446281712,61.24329007531011,0.12478159268671506,-0.22301845014908458,-0.9812897808751563,0.4169570363433692,0.0070899305283585665,1012.7117186482828,0.018749297456068355,-0.6863964719663486,-0.08591062821415107,0.16757996882768111,0.003290978586773778,0.4008343770701321,24860.468990789013,0,0,0,0,1
2025-01-03 11:00:00,26.95109025424472,79.26365745327361,1010.5183071693432,24.925865365726615,61.46076366246458,1012.6771182785358,24.699245146666055,0.21275573493477,-0.6674223002580971,-0.6913359831456916,0.75414359384677,0.02572146367752089,61.320139613182754,0.11427345063467209,-0.11942208651179637,-1.1779165031105556,0.3842476893632707,0.0060052999859965565,1012.710351106145,0.021349555683692782,-1.0014864889769857,0.863468911412666,-0.006837710689183041,0.0009140061430370917,0.4027917238884503,25013.18122453693,0,0,0,0,1
2025-01-03 13:00:00,24.628682046672367,65.677828200903,1017.5982167390076,24.895058727881093,61.524236354036105,1012.7010264825882,24.79957006462014,0.13743830507962848,-1.1408321899837512,0.7129108786661481,0.5016245897704295,0.016079998796656222,61.390642038358216,0.10840788649455368,-0.11503343965477325,-1.1731171266478608,0.35251212587730407,0.004998134134844854,1012.7091632457274,0.021746535659357403,-0.7054576058802127,-0.2766847738918952,-0.005939302087426768,0.0009224364499032444,0.4039633539776547,25114.751848995253,0,0,0,0,1
2025-01-03 14:00:00,22.787330051987944,64.770008817466,1012.6737195546294,24.867067300586218,61.71079931009219,1012.6985764497113,24.856087763680772,0.0668534335261646,-1.092518951273776,1.4423724866821683,0.28258849530314833,0.008937089826054005,61.482814393738046,0.1476764070577316,0.9332417646317666,0.9405057273876594,0.460861776899101,0.010735817232444527,1012.7032853947637,0.01921880190001351,0.10694764706875631,1.1623820073524438,-0.02938925481817023,0.0008354376553495939,0.4042769935713181,25171.841740340104,0,0,0,0,1
2025-01-03 15:00:00,22.60758675183866,63.25695625652899,1014.2051351662968,24.8416895768941,61.889330268829646,1012.8125012337276,24.874348179327917,0.03621144210001147,0.6733152083979712,-1.1262734145249051,0.09130207823573855,0.003560756690513283,61.595869760591015,0.20209887399394788,0.795380951527814,-0.8037678624850612,0.5652768342648926,0.016011844510760636,1012.723895888757,0.05301792016800124,1.580633465781049,2.6172527466355944,0.10305246996620099,0.0033626335189040984,0.40383142363566527,25190.84679586238,0,0,0,0,1
2025-01-03 16:00:00,26.6250516447884,58.42365377679828,1015.0704319751334,24.818720446283212,62.06225703021119,1012.936702273273,24.869680283474246,0.042391158421050436,0.2156292114736138,-1.1339319847527527,-0.023339479268358332,0.0019855061122191903,61.729477325126744,0.2504870519046971,0.34153181277537525,-1.679728257846713,0.6680378226786274,0.02100793033190861,1012.7651849435672,0.10950543681074887,1.2403665840920108,0.40801635739678827,0.2064452740504521,0.006361216631133096,0.40288175047400554,25187.146351780182,0,0,0,0,1
2025-01-03 17:00:00,27.712480057141647,63.79484610246634,1011.7963385843424,24.798012141046236,62.1687519382178,1013.048769020134,24.844109638538175,0.038400231145985175,0.22088286826877276,-1.1318862381275483,-0.12785322468037918,0.0006666025327901432,61.871074980277385,0.260519061765066,-0.29384200256955717,-1.4006128390316295,0.7079882757532232,0.0223905305217361,1012.8395150918868,0.15248368684108896,0.5412173896175714,-1.5965609510785572,0.37165074159827327,0.00830826305429125,0.40154642932761864,25163.095959186678,0,0,0,0,1
2025-01-03 18:00:00,24.85597975683933,56.13587392731214,1013.6722774454312,24.80438540561503,62.23711463886296,1013.1034441918915,24.82597497408496,0.02844374144943325,0.7416096667042287,-0.8506695356905981,-0.0906733222660634,0.0004849164459738778,62.013650637242755,0.21420179468246914,-0.6229457493941823,-1.035594063575381,0.7128782848268571,0.022519465774569238,1012.9199986337475,0.16665576151305717,-0.34069696323172766,-1.6078040308580033,0.40241770930333587,0.00879181749143084,0.40033080327712134,25146.726536831586,0,0,0,0,1
2025-01-03 19:00:00,27.007065795784047,58.81590696629996,1013.0377772023454,25.002535876053358,62.02188827114289,1013.1531517738628,24.853068689178386,0.08522178643010615,2.0295928071596885,4.211685148908839,0.13546857546714008,0.008180934232559188,62.075868429452896,0.13465075129631962,-0.2827848520604489,-0.5098553844744794,0.31108896105070016,0.02482279633248723,1013.0109136985778,0.13702320011444175,-0.7280911589200119,-0.6782657416892057,0.4545753241515058,0.00928478570029661,0.40036601851260495,25176.429821038113,0,0,0,0,1
2025-01-03 20:00:00,25.723272050095268,57.57318226085448,1013.2930282956464,25.175380797148993,61.79999656828323,1013.165426111209,24.919806933229363,0.16623526715350073,1.1684718807443373,-0.11804424358907657,0.3336912202548916,0.014027201810311751,62.05800168934361,0.16750820554864085,-0.8968697317100759,0.910883603422942,-0.08933370054641898,0.028295321246536685,1013.081498674074,0.09313540559081693,-1.0837296252735504,0.5877705985205104,0.35292487748131407,0.006719146289118604,0.4015567026540561,25245.795354584585,0,0,0,0,1
2025-01-03 21:00:00,23.70976049078975,60.40937069693161,1010.6809706484336,25.23287947205916,61.62178051487337,1013.1539830981101,25.002638738384555,0.20250126739248828,0.05015085873766569,-2.7974765666214836,0.4141590257759482,0.014582905141392762,61.969906386276044,0.25676004786666995,-0.4926437710170478,-1.6181268620338056,-0.44047651533782073,0.028666780624751483,1013.1249548390415,0.04884316168251716,-1.2121694307892872,0.33034798166523177,0.21728082483707567,0.003660155154044722,0.40346419404076245,25330.797242682722,0,0,0,0,1
2025-01-03 22:00:00,25.722791211016823,71.57329283336755,1013.0735305227768,25.283859079826883,61.46053112085818,1013.1464879176647,25.099808126140683,0.1962335596301138,-0.9749106709446397,-0.2445318118219054,0.48584693878064655,0.015016922441865371,61.82826222280413,0.3095606366231797,0.2394893311466244,-1.268430294244266,-0.7082208173596243,0.031598820952537646,1013.1444986185476,0.02393854453574933,-1.7775043861870552,3.595630451325164,0.09771889753062624,0.0011595995496229837,0.4059601033218594,25429.73251938055,0,0,0,0,1
2025-01-03 23:00:00,28.07607313293194,50.66367403704126,1014.4939948737364,25.329496371963895,61.31489417775551,1013.1392927852665,25.204830319410455,0.12685054273731805,-1.194354987304404,1.4459614292719583,0.5251109663488656,0.015425351228332407,61.64381813058263,0.27820832426845526,0.3114366251019931,-0.9349220784890697,-0.9222204611074503,0.03490615302389551,1013.1516683372225,0.009706004335193414,0.26671125132161944,0.45583426500233887,0.035848593375021665,0.0005720786543262867,0.4088784678641995,25536.315888267312,0,0,0,0,1
2025-01-04 00:00:00,24.928347921780095,63.431300951872565,1017.3534308233852,25.370462711183958,61.2668080898745,1013.1552935051333,25.278415686436578,0.0771382799921845,-0.24957836262427738,-1.094510786440716,0.3679268351306,0.007908277631164893,61.49280209432895,0.22066366395019363,0.5401215763804448,-1.2550876133961424,-0.75508018126839,0.026104129521040548,1013.1520966834767,0.009834250558191655,0.0578985223743142,-0.04146096391549511,0.002141731270512537,0.00012911452049158353,0.41107925504160064,25610.879853549704,0,0,0,0,1
2025-01-04 01:00:00,28.12928731162801,51.93642064405174,1015.8778124782556,25.407806834195853,61.22274826528768,1013.3006600546831,25.32490089384595,0.0691425432152719,-0.2317368441388383,-1.1034468898720864,0.23242603704686005,0.002212120986159152,61.37735243372985,0.16331512134618167,0.9459304005939301,-0.35081983592743765,-0.5772483029955495,0.016645197589972523,1013.1791434721715,0.06823233775683701,2.1861856242633757,4.827307772443163,0.1352339434741907,0.004325269394640529,0.41260985489036556,25658.66139614447,0,0,0,0,1
2025-01-04 02:00:00,19.76050979182051,57.64034067105283,1019.4595473725346,25.442287940632358,61.047263150599775,1013.5824796170543,25.36678258756059,0.06257827193331132,-0.2082688435098018,-1.108159316770056,0.20940846857319784,0.0017886908030912475,61.26244896087512,0.14990590636856338,-0.26102747106059593,1.1431742168136754,-0.5745173642735963,0.016452010346780878,1013.2648427759605,0.18970223750598875,1.6565654713767117,2.395067948511201,0.42849651894425733,0.020183534031902973,0.4140673871802536,25703.268970316552,0,0,0,0,1
2025-01-04 03:00:00,26.643805008750448,65.44475298483682,1010.6979573113358,25.577845750135076,60.88927373363218,1013.8280641925926,25.425579921622226,0.0949340277112697,1.2052240031182277,1.7288263050194104,0.29398667030819325,0.004944090664896104,61.14819748342993,0.17652431184467754,-0.8841228127779533,-0.7917857326800188,-0.5712573872259981,0.016243868107479586,1013.4011580309459,0.29759410428487654,0.7893673792794617,-1.186194289271614,0.6815762749279202,0.032234655234382584,0.41580260011277526,25766.31213618033,0,0,0,0,1
2025-01-04 04:00:00,25.17409413647634,60.32140009547732,1015.616961910162,25.531062840984678,60.864022754287426,1014.0386515118546,25.465893215426384,0.08634041340171078,0.3895177802298619,-1.9323217380758895,0.2015664690207828,0.004965266295891177,61.058023198736315,0.18503635546363753,0.09620755868052161,-2.8136395080782624,-0.4508714234680866,0.012129366659795603,1013.5810297762634,0.3641099803314147,0.10103487119514858,-1.8403914849269196,0.8993587265880478,0.0410937050551287,0.41707692886586134,25811.746269464235,0,0,0,0,1
2025-01-04 05:00:00,24.401985299068265,54.61127611035347,1013.550026017215,25.488673964907484,60.72694362186158,1014.193614538153,25.48953546617109,0.0678893755515026,0.14506258161747587,-1.3274502412869265,0.11821125372352626,0.004988981469090065,60.95005030513372,0.19018782693988134,0.5590998199096808,-0.19882513675202537,-0.5398644680129223,0.015425049999580087,1013.7886939828675,0.35661285574399587,-0.3944982701183366,-1.096032650117768,1.0383210330197699,0.04584520835179263,0.4182036753105104,25841.002870479573,0,0,0,0,1
2025-01-04 06:00:00,25.183521553071003,56.42348145370016,1019.569408799653,25.45042689462762,60.601276276154515,1014.3278461118584,25.498059478257442,0.056838557389498834,0.5933356640542772,-1.2282524624341267,0.042620060431765694,0.005002632441383153,60.8257559073071,0.16935118631655707,-0.09401559604413441,-0.30966780741839983,-0.6214719891331626,0.018195252726467524,1013.9941311943027,0.2958785981832547,-0.46884752620102793,-0.9106639460377153,1.0271860571752995,0.045222544682071326,0.4191983918443326,25854.882667796308,0,0,0,0,1
2025-01-04 07:00:00,21.02486217079821,63.39798874467338,1010.5751051439346,25.416162216243567,60.590228869718096,1014.2564887887391,25.492834333379687,0.0639974078494842,0.22760207209930375,-1.1326538978397547,-0.026125724388791127,0.004999656738118527,60.734349051130756,0.14084633208875552,0.08180636896353652,-2.9056458479374005,-0.45703428088167897,0.012060656668856586,1014.1289330286396,0.1991816966083939,-0.9361759699802865,0.02777445572792203,0.6740091716848156,0.03035646504760276,0.4197432640987826,25853.020882386212,0,0,0,0,1
2025-01-04 09:00:00,25.71422514302349,61.08229294790988,1011.201822063668,25.385644148763067,60.57983441294859,1014.192138618253,25.454394013105283,0.05756990626882733,0.24033583856310703,-1.1255681317041588,-0.19220160137200892,0.0015107432832323795,60.67246118699404,0.1225493110739538,1.2405551035666416,0.3152777068557396,-0.3094393206835875,0.007090134440411067,1014.2017479137718,0.10683661079524974,-0.7417237693602227,1.3011551835757835,0.36407442566041937,0.019122297187460287,0.4195378446098694,25815.890900177226,0,0,0,0,1
2025-01-04 10:00:00,27.955788089483036,60.22785919951907,1006.6283128270704,25.35969490891371,60.566386947152104,1013.9290401058854,25.420120426691092,0.05117028915551505,0.2747215866540299,-1.1311443998941269,-0.171367932070968,0.0012076877752693939,60.61293402556697,0.06502274627992788,2.01808249102505,4.246545297151639,-0.2976358071353218,0.006998778916106771,1014.1798256325777,0.15084961528384755,-1.4656399181948034,2.791031918820868,-0.10961140596918995,0.024097058822678274,0.41938441713750874,25780.5733019007,0,0,0,0,1
2025-01-04 11:00:00,23.963459563452705,56.74199826197091,1011.4227349349576,25.33662242322295,60.55332115833559,1013.700973794455,25.38971011835418,0.04506103828277279,0.2988161653533052,-1.0768612890225218,-0.1520515416845356,0.0009547923314419332,60.57820953286178,0.018963017028291663,-0.18668562388502652,-1.1635615847297274,-0.17362246352598731,0.003274784174261769,1014.0812974838382,0.2605726358485263,-0.8670518878060925,-0.883146536912592,-0.4926407436980753,0.029697199400660856,0.4191228148705558,25747.23017955914,0,0,0,0,1
2025-01-04 12:00:00,23.383012794213624,70.71972044662662,1010.7226020153388,25.15587939903331,60.57435807841759,1013.4698248067559,25.330800619235323,0.10217707867886433,-1.7736457222692656,3.4572422577857984,-0.2945474955943084,0.007195832813086579,60.572825893314395,0.013930409546955244,-0.3188495292204977,-0.013814732611586797,-0.02691819773692572,0.00020483822015724952,1013.9096932228179,0.3307056436813536,-0.34506368531041376,-1.7126345538689176,-0.8580213051025112,0.03677954722763414,0.41818752596523046,25683.14428493725,0,0,0,0,1
2025-01-04 13:00:00,23.996485912830927,63.169595111590056,1013.4511813594286,25.004237040952493,60.5955826459191,1013.3066001845884,25.248415584177103,0.16369279156300445,-1.01668857058494,-0.6935691932424343,-0.4119251752910742,0.011560100128996244,60.573896648554594,0.015696328058382968,0.13724762557445247,0.3363210564985349,0.005353776201005189,0.00027052563548821893,1013.7197155019876,0.35371643558460664,0.2682717900242038,-1.2319597768368287,-0.9498886041507149,0.04108962917142809,0.416820058875303,25594.81666286796,0,0,0,0,1
2025-01-04 14:00:00,26.83080423540415,49.874287066711965,1014.0252679273316,24.874417645023588,60.57923094072876,1013.1799763868859,25.146170283429207,0.2097341126083065,-0.2837976216973367,-2.0219385759444357,-0.5112265037394792,0.014744444752316538,60.57377595411064,0.01564148050315463,0.1710114681175575,0.4588622839646123,-0.0006034722198293707,0.0003023923417079499,1013.5172830557142,0.30153834842333727,0.4281508434612559,-1.2258375564619601,-1.0121622313671423,0.04346815751203308,0.4151329427993139,25486.078184917507,0,0,0,0,1
2025-01-04 15:00:00,25.65750221931937,60.93227157384714,1018.6285125176476,24.76398545619334,60.596069712602656,1013.1973039684536,25.027028392885136,0.22663413138542915,0.35961958611802286,-0.9909763503922745,-0.5957094527203708,0.017048825808532585,60.57971250720074,0.017641035827233965,-0.7712286480930098,0.014520718236199789,0.02968276545055204,0.0003229343220826033,1013.3709358282279,0.21763311744424071,0.9883922086928306,-0.07882650735741119,-0.731736137431767,0.029684041086621222,0.4131255653744603,25361.66318349764,0,0,0,0,1
2025-01-04 16:00:00,23.940479592465923,56.69106767615806,1015.851271514558,24.66899812730215,60.61313910586568,1013.2481920972662,24.893503533700976,0.19277246003201245,0.34460753864401955,-1.0198630322343998,-0.667624295920799,0.01874687641931911,60.59167609670676,0.015411208699130693,0.3312798686178338,-0.7593170106038064,0.05981794753008529,0.0003470641918766031,1013.2803794887899,0.11682829977338138,1.3583300051300458,1.6546304081752237,-0.45278169718881145,0.019799112935531892,0.4108403121763727,25224.098707434056,0,0,0,0,1
2025-01-04 17:00:00,26.02653486622671,64.26216667398111,1011.2692890330128,24.791530461968488,60.63028684658577,1013.2945504842473,24.82063374628801,0.12614700595811862,0.5504319664599638,0.3149794747719514,-0.36434893706482185,0.015216102868432594,60.60286185034039,0.019463377412882964,0.4417851612878082,-0.2161865817550653,0.05592876816817949,0.00031736279293003236,1013.2453246242883,0.05648556784451702,-0.09344734810659243,-2.655794473384038,-0.1752743225085851,0.009542962041372791,0.40956206652452887,25149.39109763816,0,0,0,0,1
2025-01-04 18:00:00,25.19415509869608,56.037396307836495,1010.3047559859548,24.899072017146025,60.409966606066675,1013.3371771920292,24.799600741526717,0.09203630333445958,-0.46517980569336614,-0.6519830438269641,-0.10516502380646742,0.012930059133571087,60.56573864236991,0.08913503497163881,-1.9851276824539044,4.120486197869492,-0.1856160398524267,0.00993546801628303,1013.2514400257766,0.06568425749852598,0.27450924667693954,-1.8111611439898982,0.030577007440797388,0.004577913828293352,0.40946582817223104,25128.23116341626,0,0,0,0,1
2025-01-04 19:00:00,26.937289981065778,59.42631779266551,1014.4757575145196,24.99345223794206,60.352908361839006,1013.402415160668,24.823407660110412,0.1255285936323309,0.3004623887992091,-0.6961370310228313,0.11903459291847085,0.011340969237203515,60.52047412659196,0.12908381200830674,-0.6785129629645157,-2.6454345093649656,-0.22632257888975715,0.010533121010625543,1013.2959277805328,0.07913331281442339,0.1762802669599445,-0.6275335845862801,0.22243877378218713,0.002222395109793468,0.41016544579643116,25153.457895625965,0,0,0,0,1
2025-01-04 20:00:00,23.595893812245293,62.52493639490229,1009.039300378938,25.01853839078538,60.297346695050884,1013.2831590996831,24.87431824702882,0.14544352487369636,-0.6117559439317203,-1.1322580977585481,0.2545529345920414,0.009027778584131278,60.4607295230816,0.15237666482204595,0.31437270327197203,-2.851488379886326,-0.29872301755177233,0.011093831926236215,1013.3130988067787,0.05918295146775692,0.8438236567815169,0.4205899096683486,0.08585513122943667,0.005006747709526608,0.41141279689852167,25205.472503602774,0,0,0,0,1
2025-01-04 21:00:00,24.344675706804463,64.32877597085061,1018.494376297563,25.040632741707437,60.433326919979734,1013.1737632772592,24.948645169909877,0.10307397581535102,-1.0617322834304732,-0.08318972368595468,0.3716346144052878,0.007320892122688075,60.424767085904406,0.12642223817716228,1.286437341519681,2.151010964343371,-0.17981218588594317,0.014733683403302838,1013.2982130427774,0.08382133674526808,-0.5237719553195314,1.1189432217140987,-0.07442882000691498,0.0068823165714761965,0.41288772733791884,25280.417568507997,0,0,0,0,1
2025-01-04 22:00:00,24.215783693735684,53.99851796472112,1016.538320362164,24.952637867502048,60.37087966432965,1013.2429675070717,24.98086665101659,0.056206692040484285,-0.7058124706510516,-0.4610301812062036,0.16110740553355996,0.0058666770922157965,60.37288564945319,0.052766926561869654,-0.4742587182560403,-0.2678563346487349,-0.25940718225611903,0.015454806348587554,1013.2878964473423,0.08747936920881218,0.0273858367476241,-0.4941604344023591,-0.0515829771755989,0.007410341647565008,0.4137762501909928,25312.809820240167,0,0,0,0,1
2025-01-04 23:00:00,22.072970103735763,58.32749382079525,1011.592473043686,24.859108915055785,60.31108849660718,1013.3080480307003,24.97287403059854,0.07150514518390004,-1.2144947787018097,1.2417593704281202,-0.039963102090240454,0.005303172863354217,60.353110027561286,0.05391175383344365,0.729093519026229,0.03379443010056823,-0.09887810945949838,0.006461601419632682,1013.2820706150766,0.08428871967190965,0.2993101647991607,0.6713251147090583,-0.029129161328910413,0.007894029315454491,0.4137793993617702,25304.565506934363,0,0,0,0,1
2025-01-05 00:00:00,25.59224055412915,57.625273444195216,1007.8605964127272,24.7754153282185,60.18274254449357,1013.2171972338638,24.92926664865383,0.11125466381107799,-0.5693266224361123,-1.4553619384585705,-0.21803690972355838,0.00492257094339065,60.319076864092196,0.09335371758102957,-0.46835466328064934,0.6124265191167133,-0.1701658173454348,0.009105009457553392,1013.2450270297156,0.05311064608522865,-0.21620007942944944,-1.043569638279293,-0.18521792680428462,0.008693604262197566,0.4132899164145572,25259.455459246237,0,0,0,0,1
2025-01-05 01:00:00,25.52211054435978,56.73335383713144,1017.0616171224964,24.718265724400965,60.01538652761224,1013.3923617551565,24.869212115376946,0.1304124343531991,0.2540427493036421,-1.4811125972478034,-0.30027266638441574,0.005449923373795199,60.26268483060447,0.16636930258099158,-0.8402249996301032,-0.21495969932202522,-0.2819601674386405,0.014089196971575202,1013.2668675608104,0.08536888408320699,0.7386657559743225,-0.17572610336807534,0.10920265547338204,0.011985724549806051,0.4126801149434845,25199.148658853355,0,0,0,0,1
2025-01-05 02:00:00,25.01022691328492,68.82727120140548,1012.656380464242,24.757668063624305,59.85752268780301,1013.3532078774635,24.81261917976032,0.09363874021610313,0.907462891558877,-0.20674529194735194,-0.2829646780831325,0.0056628001725160335,60.147523984169126,0.2118032789522799,-0.48825803619117664,-1.426090918393714,-0.575804232176722,0.01537527104109794,1013.3027564808511,0.07331022308303169,0.008416864222604613,-2.0575884908000917,0.17944460020430597,0.009898840584726891,0.4125293465739616,25142.695410360768,0,0,0,0,1
2025-01-05 03:00:00,24.530825733249703,62.02490855480477,1016.7134489359204,24.792267803619445,59.75524857364462,1013.3153619430245,24.7805451669838,0.05181237495282417,0.6975443587120905,1.2683107641242337,-0.16037006388260266,0.004353608996777851,60.02439776603212,0.2278346032642731,0.11938110066400622,-1.780239759619145,-0.615631090685028,0.01668733797882924,1013.3172353680417,0.06525630362934765,-0.7967371338671175,1.2154133073244004,0.07239443595278772,0.009227458450651172,0.4128412058498975,25110.55351952091,0,0,0,0,1
2025-01-05 04:00:00,22.169258515899173,53.69558022832477,1008.2167170236168,24.822531076274586,59.61245413296416,1013.278889875553,24.77322959922756,0.03892638951561048,-0.3042572128876265,0.28858481448625756,-0.03657783878119858,0.0027872491419986558,59.88467089330352,0.22221746825652905,0.24136464200459407,-0.8448733770806373,-0.6986343636430163,0.02005039168915502,1013.3114037370121,0.06754530086905121,-0.36061219922593973,-0.43986012510328365,-0.029158155147342768,0.008646405880626986,0.41368231328654526,25102.996060292575,0,0,0,0,1
2025-01-05 05:00:00,24.15870935446928,64.58930973527389,1011.2018749311388,24.781515547790622,59.77299392746626,1013.243831735986,24.774449643141985,0.03910719946341798,-0.4522164797469647,0.27895589896705175,0.006100219572122256,0.0017227805618244018,59.80272116989805,0.1479600135320918,0.3552206666533569,0.7917403583091591,-0.40974861702731147,0.021910460128120725,1013.3167306374368,0.05873393700514023,0.0813549917006699,-1.1953923128088892,0.026634502122192316,0.0072414470534398635,0.41426959750692266,25104.364315730447,0,0,0,0,1
2025-01-05 06:00:00,24.314570966946462,70.61078098506317,1013.0157310991546,24.715108728325504,60.07858122736454,1013.2100754270747,24.773818243926893,0.040249876772487043,-0.5383129509767973,0.4293458504136976,-0.0031569960754609383,0.0019515382528187213,59.81536010984852,0.17149501839413261,0.7984502941535553,1.4148668490312215,0.06319469975229453,0.034985572422668046,1013.2802733718203,0.056586898380804156,0.08475486291294967,-1.1901615365705034,-0.1822863280817728,0.0013328228277634338,0.4141715068547487,25102.82132267003,0,0,0,0,1
2025-01-05 07:00:00,23.39544546155676,65.16232630275573,1013.1409417812944,24.635184419776184,60.344273768482665,1013.1986473373986,24.74932151515727,0.07489704699383233,-1.0135390859197202,0.11485651919714475,-0.1224836438481205,0.002918608404981856,59.91271032598445,0.29505457873817015,0.8311767163832738,-0.6493126014668226,0.4867510806796531,0.044119879319966734,1013.2493612638075,0.04840940907147204,0.4481529670252348,-1.459992265460901,-0.15456054006494924,0.001052337846814086,0.4130896593962584,25077.23421694571,0,0,0,0,1
2025-01-05 08:00:00,24.67742857666798,52.403150170229935,1011.6498035855624,24.566010603096334,60.57334987448033,1013.1051261887765,24.70407007505265,0.10483118956662546,-0.300239218462654,-1.5960264094345185,-0.22625720052311138,0.0036361833862470897,60.0763305861516,0.39560753267554205,0.09613933313095248,-1.8277187261735683,0.818101300835707,0.052523052902400544,1013.2073141129576,0.06515699556843674,-0.9825877591694576,1.5064498270479743,-0.2102357542480604,0.002515115944022102,0.41121136099374067,25030.344488402385,0,0,0,0,1
2025-01-05 09:00:00,25.80810171362908,57.57882963566874,1014.8685497970424,24.529065340776253,60.77093224387847,1013.0995651887592,24.645376927952977,0.10407633478624385,0.2911462055971422,-1.7159066063392565,-0.29346573549833366,0.0037260007334671357,60.308026208334454,0.3952521575020702,-0.31930380010463266,-1.0554941298039229,1.1584781109143094,0.05625276098394809,1013.171449175599,0.06526294603817244,-0.3090928011660611,-2.7445129516739972,-0.17932468679373414,0.0022552585471305557,0.408658317454414,24969.99225757299,0,0,0,0,1
2025-01-05 10:00:00,28.77237180242106,66.33455574593312,1009.7971387118522,24.551187517935723,60.96693045159087,1013.0941812733315,24.599311321982,0.07591978452763666,1.0511129370401464,-0.008168917655685467,-0.23032802985489909,0.0034874241625583655,60.54681351315937,0.34917597552047064,-0.24995076072851613,-0.9850023020683901,1.1939365241246094,0.0587812153454874,1013.1415190830681,0.05763907090807233,0.6104177359989008,-3.1738345778780057,-0.14965046265444926,0.002015241226217106,0.4062858057815005,24922.583641150162,0,0,0,0,1
2025-01-05 11:00:00,25.34915562566368,56.461652671906094,1012.572861544936,24.67179352854318,60.82806518569525,1013.0597819235896,24.590648282025533,0.06025911627411752,0.5954321000849828,-1.8884366483927753,-0.04331519978232379,0.005514612987192984,60.696710304825515,0.24249290536386767,-0.679309012092302,-0.29275852419690906,0.749483958330714,0.04396120818811551,1013.1114603823711,0.05184692247093168,1.5475764237411935,3.2489464403669146,-0.15029350348504522,0.002024006600487133,0.40513971438301843,24913.067592752133,0,0,0,0,1
2025-01-05 12:00:00,25.51510078144553,62.21909714073114,1013.3608868951356,24.800852255213712,60.70439898773599,1013.0268507662026,24.62378184911304,0.11317875332321305,1.2178558451874084,0.43922382721885356,0.16566783543752805,0.007568264953739451,60.76873534867618,0.1458773505331924,0.0361032253505203,0.3635077282140126,0.36012521925332663,0.032901368610493684,1013.0771010681319,0.03319195356278256,-1.0682379046516681,-0.35565141441693865,-0.17179657119595504,0.002214778579127631,0.405204770226384,24945.789533033523,0,0,0,0,1
2025-01-05 13:00:00,24.851108168467665,63.87317026714668,1014.5433165021764,24.91158539387409,60.75869565140839,1013.0499704038443,24.692896807268593,0.16343706519763557,0.4260863250122385,-1.7861761224756687,0.3455747907777571,0.00906362717044369,60.80580450406179,0.10021914261234031,1.2436391724545388,1.7442326857492745,0.18534577692805954,0.02299582167987382,1013.0660699111455,0.03061476996710616,-0.0719029265043622,-1.8559642616260075,-0.055155784932139795,0.0005724410601436645,0.4060943951415811,25015.535923261064,0,0,0,0,1
2025-01-05 14:00:00,21.16245756940192,55.36534764210958,1015.1348446342666,24.980503838701487,60.80925077680413,1013.0719663659257,24.783184506853637,0.17461701574908703,-0.3180227684960983,-1.4943647825870308,0.4514384979252348,0.009740587096349137,60.81346821064693,0.09833316639900332,0.9445119402425044,1.4280114533787145,0.03831853292565768,0.015699227281232905,1013.0605501465789,0.025047715029400813,0.0018866920305975758,0.2519944730456724,-0.027598822833510894,0.0006630205854826751,0.4075278853276589,25106.866530897314,0,0,0,0,1
2025-01-05 15:00:00,24.946972249101567,59.702373219691,1009.6260737244864,24.975105695531905,60.77193976106746,1013.0928973296361,24.867968142372874,0.13137182374263415,-0.9398281153078573,-0.45821051565728155,0.4239181775961818,0.009648536941829999,60.77447007254225,0.0480815071181114,-0.5696358792296753,-0.07515050397954681,-0.19499069052341156,0.008294590174998718,1013.0602933578397,0.024619656656730018,-0.06291929873828407,0.20232673068889895,-0.001283943695398193,0.0007448443247851735,0.4091844437887368,25192.751101525675,0,0,0,0,1
2025-01-05 16:00:00,25.12046041988205,43.79366329965464,1008.3976574877933,24.97048415924248,60.73660247714933,1013.1128491812545,24.927706268512736,0.0761840867962677,-1.6147177365454104,2.21122584132981,0.29869063069930135,0.006743646702435701,60.75617753083306,0.039165541369431546,0.049291502385050735,0.14430031954977687,-0.09146270854591876,0.004687622487488637,1013.0709068093727,0.03399682418306958,-0.10888447835360195,-1.1804252727719984,0.05306725766490672,0.0005877965488531733,0.41029088516260476,25253.53399411988,0,0,0,0,1
2025-01-05 17:00:00,29.92648422497057,54.87806179332855,1016.8330304656956,24.9665474054926,60.56514070111741,1013.2222838371719,24.96084529856851,0.028025778269975293,-2.0433848577104716,4.336395229172287,0.16569515027888926,0.0034155153224893057,60.72832587350935,0.09496214670489445,-1.8022313555787572,3.6281000027765606,-0.13925828661858475,0.0075087849119533255,1013.1099934235666,0.06700445652671691,1.5785495549045514,2.7996773017036887,0.1954330709692158,0.002766093106631823,0.4110247488055994,25288.08181627941,0,0,0,0,1
2025-01-05 18:00:00,24.615278070437757,58.7371592430342,1013.9969420359388,24.963210173865725,60.40641368171115,1013.2831114456849,24.97117025456684,0.006852149906791351,0.35041031497208536,-1.0251241878693758,0.051624779991634284,0.0009653771459598486,60.6578694795699,0.1687867410455707,-0.9752967325230447,-0.5998912357034065,-0.3522819696972377,0.011958012712681515,1013.1566216319346,0.09145289277136626,0.7395385271014417,-1.8152750406812643,0.23314104184055395,0.0033991891691779754,0.4116723857455126,25299.706493312795,0,0,0,0,1
2025-01-05 19:00:00,25.603094684667223,53.76108409017575,1010.7545403903304,24.990522040799043,60.24648550704799,1013.0820090908987,24.973173894986353,0.010666662977531821,1.348809584382393,1.8902075157105405,0.010018202097555218,0.00016461435355112077,60.54531642561867,0.22188701051322957,-0.4088570513652837,-1.645037138141576,-0.5627652697561345,0.01656225278214362,1013.1586301769294,0.08921164769357974,0.7963638015688963,-1.802245408252536,0.010042724973004624,0.011390856119707091,0.4124707732462792,25301.786654614625,0,0,0,0,1
2025-01-05 20:00:00,24.930576460589517,68.16205651965818,1017.6534559265676,25.013555126504937,60.099721319371504,1013.1558205891316,24.980863781180958,0.02113262320136438,1.160463488785472,0.15790059056113392,0.03844943097303144,0.0002648909710422687,60.410872737279476,0.2518713548660644,0.09556333091218429,-1.1895796015634943,-0.6722184416959536,0.020591775759951136,1013.1712148288283,0.08174669961222585,0.47434086997901037,-1.322336444466817,0.06292325949550559,0.01239286252561465,0.41351601517667336,25309.892104652587,0,0,0,0,1
2025-01-05 21:00:00,22.662643924760932,52.84929311019684,1013.3470239028786,24.99852455223466,59.96466117742631,1013.2267597072706,24.986471859779392,0.02140831969280164,0.05037495929212637,-1.9908770296608769,0.028040392992178198,0.00030580288408623915,60.256484477334865,0.2385282668131748,0.12496301328554665,-1.2665137174004653,-0.771941299723025,0.023990279421460415,1013.1939969340316,0.07715836750939636,-0.6300628915313703,-0.0906424340567978,0.11391052601607043,0.01331971894548153,0.414668589809771,25316.14329288959,0,0,0,0,1
2025-01-05 22:00:00,27.285645629030043,57.79977756651508,1016.5378915521916,24.985983149703415,59.91099604969154,1013.2941405086269,24.990359008621557,0.01844566301724079,-0.46929701191646234,1.0439411389005866,0.01943574421081351,0.0003341606335589417,60.1256555470497,0.20377406632932962,0.4832376422737518,-1.3143698515813185,-0.6541446514258666,0.018686440480413742,1013.2083682683226,0.08945608574007034,-0.6448146440105181,-1.2070750907893715,0.07185667145506613,0.011832564640617079,0.4156355280555819,25320.440873565025,0,0,0,0,1
2025-01-05 23:00:00,26.503866065373547,60.65370288643046,1013.2025554442304,25.100899721616702,59.86040387526882,1013.2989194337351,25.01789691817175,0.04756962693116206,1.9798109946676639,4.011540952111315,0.13768954775097697,0.002973096910633009,60.016453585761234,0.15652751985777513,0.8298006236865364,-0.5621401785249857,-0.5460098064423278,0.014159500765058638,1013.2115298659326,0.09296848606092468,-0.5760911175244089,-1.3737641543799388,0.015807988050255517,0.011097132674172346,0.41685063022878377,25348.421610489,0,0,0,0,1
2025-01-06 00:00:00,26.58206389408609,67.20636644533057,1019.182243774646,25.354600868541215,59.87895676313003,1013.5892350064283,25.090712683720188,0.15424085495311923,1.8152144696078774,3.21358162492637,0.3640788277421727,0.015696763685719022,59.942947836977645,0.09614919889542228,1.409253888909196,1.7779691040988428,-0.36752874391796553,0.009112938484438839,1013.3129750490385,0.16507761334887378,1.5331527626885306,2.9246100819411986,0.5072259155296024,0.019865327603702364,0.41857654937793476,25424.74471564115,0,0,0,0,1
2025-01-06 01:00:00,23.18122509041052,52.8206892441028,1018.2660225273296,25.552480727381084,59.83118566608344,1013.8437528806304,25.198497803895414,0.24715847254428883,0.8178447453871177,-1.2923930937908434,0.5389256008761478,0.02342194678518931,59.889240706320024,0.0511596824575882,0.6801414668260246,0.14602653439383553,-0.26853565328806184,0.005261408670177768,1013.4505615073383,0.26047067417391434,1.0593724983296002,-0.4214270865199434,0.6879322914987824,0.031731569807093386,0.4207516589951456,25537.43174849924,0,0,0,0,1
2025-01-06 02:00:00,27.8055886218722,65.8158187607748,1012.2531075545628,25.720381928550662,59.85005514703508,1014.063760055248,25.342869279158617,0.3051669076262655,0.049700980838023635,-1.96205619482492,0.7218573763160023,0.029014925823447828,59.86631950024179,0.030371057731092357,0.6442271065297356,0.23379340465331802,-0.1146060303912293,0.001684371744003291,1013.6179615769339,0.3380795710183024,0.3628774109993119,-1.928696728275849,0.8370003479774368,0.04040572948727388,0.42332431770307755,25687.987499251456,0,0,0,0,1
2025-01-06 03:00:00,22.19629787441544,60.05116530509793,1015.9147128528632,25.842771441768463,59.86872482884257,1014.2066074267917,25.514226937571625,0.29505278906545634,-0.49311239593354295,-0.8591511068178406,0.8567882920650476,0.03197930705709574,59.85786525607199,0.018316829033370886,-0.595791542379011,0.020105033567792436,-0.04227122084896706,0.0011780939608041349,1013.8004549605666,0.3647998979869459,-0.4312271629357835,-1.1335762116896966,0.912466918164796,0.04357876932037712,0.42624684996992285,25866.33487727726,0,0,0,0,1
2025-01-06 04:00:00,26.17371418760054,55.09245674476024,1014.9361278487554,25.893417483102088,59.87307552988666,1014.33309803965,25.6727304898687,0.22110732419906018,-0.7001021783903929,-0.8532911180321688,0.7925177614853851,0.029851147657588832,59.86039958699555,0.019588380352205535,-0.9443744191504936,-0.45186931805988567,0.012671654617840034,0.000669966058155398,1014.0072906817497,0.2960496366821654,-0.5580945111062418,-0.8212066704811724,1.0341786059149172,0.0467741767235945,0.4288766904016678,26032.33588843451,0,0,0,0,1
2025-01-06 05:00:00,29.38091125161996,62.31051737131635,1017.1058946725972,25.936095255255456,59.87749320293199,1014.4457865868304,25.789029367211548,0.15498483359918602,-1.0169500682544432,0.12008835999248409,0.5814943867142404,0.017342571714621134,59.86010687495595,0.019249760370563838,-1.0005952458326735,-0.3984578810980608,-0.0014635601980401702,0.0006050272955843881,1014.1786009978301,0.23524112025949231,-0.5209266596955766,-0.4844209263036075,0.8565515804020833,0.03245729210708249,0.43082163201381507,26154.681724730563,1,0,0,1,-1
2025-01-06 06:00:00,23.01892734973862,60.99529847786735,1010.1052296182596,25.97228727511072,59.906782104874765,1014.4797503539755,25.872990676757478,0.09805851426783335,-1.0353501256441178,0.8754391018358115,0.4198065477296353,0.009773256467964609,59.87522616271421,0.020502375173596425,0.7349705362974238,1.867674954431159,0.07559643879132238,0.0003201797083802674,1014.3058004924991,0.17249830038093905,-0.5786789403476614,-1.1824718132460734,0.6359974733451281,0.01973212994515227,0.4321151150950327,26243.12451952346,1,0,0,1,-1
2025-01-06 07:00:00,23.867404540794457,56.99891561420603,1015.0581543799954,25.662511089392652,59.91075794565242,1014.5191789101326,25.861416508925874,0.12124799868936721,-1.4174434157591258,2.1137056053675707,-0.05787083915801006,0.023327350844734196,59.88736672243768,0.019832745444636292,0.5211683272900166,-3.0436474609487547,0.06070279861734207,0.0002521297080812887,1014.3968842634761,0.12697259911772257,-0.9431309702379511,-0.2864345533482293,0.4554188548845559,0.01036242077663048,0.43183424973337936,26233.74032929443,0,0,0,0,1
2025-01-06 08:00:00,25.199302730175283,60.349010424950094,1016.1752734605489,25.59612672986936,59.92337758701423,1014.5557463195813,25.812087566546058,0.17078393828585406,-0.5740165908561294,-2.6888825196801562,-0.2466447118991013,0.021212888893459646,59.898297274072014,0.02193871317483416,-0.26544650764606326,-2.5126018345791983,0.054652758171656046,0.00021426937394280286,1014.4667120420339,0.08535286858989449,-1.0333514410020868,1.17032508144829,0.34913889278959687,0.006548781552001495,0.43093190141128357,26185.503604575042,0,0,0,0,1
2025-01-06 09:00:00,23.9930486917676,58.0734320156912,1007.7237815407308,25.37617226441823,59.93621158258568,1014.589810451148,25.708638522809288,0.24827791200469296,-0.22262102716444246,-1.4564686416814492,-0.5172452186838576,0.030375877967284786,59.91092448461181,0.02196221029008792,-0.7605034164844079,1.03912941796532,0.06313605269901501,0.00024342594249338487,1014.5180545243336,0.057577584517992976,-0.02317474545861787,-1.408064617628111,0.2567124114979151,0.00358087953562417,0.429114361276435,26081.877938629816,0,0,0,0,1
2025-01-06 10:00:00,21.898673137867736,60.56758672625624,1009.4502244620028,25.180294628321064,59.949266933043184,1014.2990286433387,25.557478397422408,0.29988809351601003,0.20038156675764088,-0.10992953110095034,-0.7558006269343913,0.03768520918469254,59.925279230634054,0.017688653237619742,0.4300039135933245,-1.5275095542405144,0.0717737301111967,0.00027361121057996893,1014.4887029356353,0.11369126606173637,-1.5484599113314352,2.623099411797868,-0.146757943491707,0.017951949753063218,0.426489092734477,25927.773109706577,0,0,0,0,1
2025-01-06 11:00:00,25.137125949612056,63.31065337260523,1006.8823034667196,25.034425772709177,59.96245570140339,1014.0106346920268,25.369906096942096,0.2670825144986476,-0.17375651293131358,-2.126656274547701,-0.9378615024015424,0.04167878133195609,59.93641394993978,0.020442543022234645,0.0332171167562727,-1.2048260490943008,0.05567359652862791,0.00013683197734908986,1014.3948798032455,0.24298045800369444,-1.2815304172799984,0.691129567693744,-0.46911566194876286,0.03435545648798916,0.4232803399758161,25735.102845827205,0,0,0,0,1
2025-01-06 12:00:00,22.87539257254779,67.93008408072676,1012.1917794966664,24.913082555219834,59.98316665611114,1013.7670437333067,25.220020390107532,0.2720632827587663,0.44770034317724394,-1.0027098466928142,-0.749428534172818,0.025431359570482343,59.95089569203152,0.02318712449375307,0.3724597188294974,-0.5520344049494122,0.072408710458717,0.0002194592443524891,1014.2444527678803,0.3541695955989971,-0.4696450772502353,-1.7587340538299696,-0.7521351768259592,0.045911845313900204,0.42067795115164136,25579.265779359397,0,0,0,0,1
2025-01-06 13:00:00,25.94718486127036,53.81092250586576,1015.152626767388,24.811083285031756,60.00396145900413,1013.5611399921062,25.063011701140013,0.2228164347305601,0.48746385126258335,-0.7272272762976021,-0.7850434448376049,0.02663075315639893,59.9670124664295,0.026974749326104185,0.4193871248512565,-1.0788280450502394,0.08058387198990147,0.0002740929402040427,1014.0455315023853,0.41045972234277084,0.2544528563110349,-1.264062237161448,-0.9946063274751396,0.054123680355212554,0.41794663853271086,25415.035021533025,0,0,0,0,1
2025-01-06 14:00:00,23.161151531532397,70.66516687328134,1017.507071156288,24.639643665674818,60.125563232329284,1013.501232283349,24.91570598139133,0.20692071794030142,-0.09347948734597718,-0.4808138205544097,-0.736528598743412,0.022833068399070733,60.004882796378226,0.0705857455059804,1.7758927818072272,3.3365740744980905,0.18935164974360674,0.003198548906902847,1013.8278158688256,0.3305035230369474,0.6546004623845764,-0.9949219888834371,-1.0885781677989144,0.054609394057040184,0.41522796820906754,25260.235775943805,0,0,0,0,1
2025-01-06 15:00:00,28.09986881003508,50.23956100238749,1013.2222843412592,24.689004130026845,60.24686637672214,1013.4896464716561,24.817447881732488,0.16153795268982174,0.3310797398043651,-1.4431600052203883,-0.49129049829421945,0.015646749822677566,60.06440268511402,0.12008250601199565,1.0797270432506931,-0.26106734411266547,0.29759944367895486,0.006107351039707916,1013.665939434489,0.22261372223538456,1.166681499238869,0.1660776010520486,-0.8093821716826142,0.0377254283129936,0.41318062544726614,25156.60162140283,0,0,0,0,1
2025-01-06 16:00:00,23.43349341532753,59.24107452482208,1017.8858466367138,24.57050810615965,60.206620469100294,1013.555919788544,24.72466434842258,0.1371440556101581,0.48640402444856284,-1.1636842825712275,-0.46391766654952704,0.014199466749640205,60.11323563865339,0.11788623418136351,-0.077011739380161,-2.6684335393242637,0.2441647676969012,0.006396508933597282,1013.5749964537924,0.11198643951978599,1.7950531799556746,3.469781019655443,-0.4547149034827953,0.021969644588594302,0.4113014991530897,25060.301579273622,0,0,0,0,1
2025-01-06 17:00:00,24.35587696758865,62.94158603242288,1008.8596956253554,24.55101773045516,60.1653616246109,1013.6174825772774,24.652251383469647,0.10448385972158052,0.9026056843482115,0.2644683315091996,-0.3620648247646727,0.011330606412527415,60.149674632353346,0.09320519529643259,-1.0298273483080636,1.1257322749539067,0.1821949684997648,0.006651178654335984,1013.5450842225866,0.05150984320202375,0.3968904342252353,-0.7737507238106028,-0.14956115602922182,0.01086032894588489,0.4098484509567277,24986.16820473512,0,0,0,0,1
2025-01-06 18:00:00,26.62703443473934,61.40495933867516,1007.8898526819344,24.533825773642572,60.221883355195374,1013.6026284051218,24.59679988119181,0.06536477329957176,0.7439761918296567,-1.4095690099855354,-0.277257511389184,0.009308948864556512,60.1932590115916,0.048043245935397785,-0.5713155143675422,-0.8277247827214206,0.21792189619124258,0.0072036350945170035,1013.5533819051896,0.05771122792107096,-0.03880003976292395,-2.7418159197106498,0.04148841301559969,0.0024251881039005856,0.4086304658769957,24930.169703627125,0,0,0,0,1
2025-01-06 19:00:00,22.53827136713209,56.88650240089703,1012.83335690331,24.518487099184235,60.17416248795287,1013.5742850296489,24.572568567893693,0.0679185791779451,1.79830231205133,3.4444150024461897,-0.12115656649058337,0.0034776952343338933,60.202978862716314,0.03369790451850876,0.1543766879309595,-1.6701438483468725,0.04859925562358569,0.00470169307342794,1013.5679924544496,0.049930852481792055,-1.069897968063479,1.0775288417333826,0.0730527462998225,0.0018680707768344892,0.4081619983583483,24905.96899280932,0,0,0,0,1
2025-01-06 20:00:00,25.454919869208258,58.95938874821363,1014.152196346818,24.50453131115474,60.126024141740764,1013.5471910379916,24.53567400411927,0.026064907370753038,0.24925592940902788,-1.0785490790319645,-0.18447281887210565,0.003029356950029185,60.178810415720044,0.03747512881736572,-0.38156284231787924,-0.49773815709949903,-0.12084223498137447,0.0022222625807165226,1013.5795013677167,0.030019537812988217,0.31072457577511414,-2.2019793878010674,0.05754456633553673,0.0019880414471020813,0.4077128382384436,24868.85622281606,0,0,0,0,1
2025-01-06 21:00:00,27.61428550856485,57.53499532670584,1012.9019157557176,24.586828942422873,60.06219905974214,1013.5209910987811,24.538938171371917,0.031889091761928424,0.7989658344905822,0.2904559053326257,0.01632083626322256,0.0015756754380313535,60.14992613384841,0.0597303141154256,-0.5832719053560905,0.5209245621988927,-0.14442140935815218,0.0027130441830814874,1013.5725156297642,0.03945899334425682,-0.2359566621158225,-1.621834607230582,-0.03492868976286445,0.001246898303765066,0.4079628910732798,24871.99329324068,0,0,0,0,1
2025-01-06 22:00:00,21.785033530877545,57.05317621527895,1006.7976736998804,24.663604272678153,59.91759490823875,1013.4953898217165,24.561455479816512,0.0650542693889202,1.20667848554345,0.6390282226461655,0.11258654222299214,0.002678590756172403,60.10037279057398,0.11803888826056129,-1.0004842093700912,0.7973072690482516,-0.24776671637215486,0.0065546578597648385,1013.5480970786521,0.04234703156449718,0.07559597336150653,-1.1703118099260597,-0.12209275556097055,0.0006199879899053042,0.40867392215235576,24894.216463050056,0,0,0,0,1
2025-01-06 23:00:00,25.36926771706461,64.24801048510513,1012.7326398814616,24.727974059522214,59.77681087776925,1013.4702293795968,24.600285136992444,0.09533435530390331,0.43668007876370357,-1.783878724782139,0.19414828587964195,0.0034481719720331943,60.011358295088755,0.16282069020702492,-0.7503370432152273,-0.9110542131350302,-0.4450724774261232,0.00987974530115939,1013.521617273547,0.04110017313523263,0.05448138112024952,-1.179913724819669,-0.13239902552493277,0.000702468273350243,0.40992714422660476,24932.92077743498,0,0,0,0,1
2025-01-07 00:00:00,25.51976558849685,61.78507742982524,1009.0865914984854,24.796559651520365,59.727201173186636,1013.4414320017532,24.65589964745967,0.1148068534498131,-0.17618897245103027,-1.0481984420490704,0.2780725523361305,0.004341913671152777,59.9219660321355,0.1734412652542853,0.06453173644282661,-2.4698439627573463,-0.44696131476623435,0.009916513624838922,1013.4950466679678,0.0414810101212128,-0.05928777673875748,-1.038642911201201,-0.13285302789563502,0.000707656680844124,0.41146679370917477,24988.63216384287,0,0,0,0,1
2025-01-07 01:00:00,26.56364574355462,56.53545202369673,1015.00901764649,24.867298928689813,59.592087193862504,1013.4128111919109,24.728453170966684,0.10974933758189778,-0.03805422553264595,-0.9939713410490766,0.3627676175350736,0.005303769934139132,59.815178642559864,0.1806170624240737,0.30453964328398403,-0.5151712587866015,-0.5339369478782601,0.01310421103139198,1013.4681706987518,0.04276314532813683,-0.11313060975107662,-1.1833606213121588,-0.1343798460807193,0.0007246699552657022,0.4134143426256941,25061.500199389353,0,0,0,0,1
2025-01-07 02:00:00,22.52609857824384,64.49799937716625,1014.0997947382906,24.918408465988954,59.72861093916054,1013.3843658626738,24.794769075679902,0.10273298436402804,-0.10875568311651111,-1.5221299490731728,0.3315795235660808,0.004471626872256452,59.74846101844353,0.1169495263811493,0.2656676664069569,1.470358569710303,-0.33358812058160225,0.01601722941900636,1013.4408456515303,0.04420042775824948,-0.07024930267247688,-1.322365641748193,-0.1366252361073066,0.0007492099434202071,0.4149858965076975,25128.03173979145,0,0,0,0,1
2025-01-07 03:00:00,22.359086773831446,61.53649760438304,1010.180360641018,24.965846870280565,59.857146586182374,1013.3560658049688,24.855217595200383,0.09488091615704362,-0.3190061572669643,-1.2174927634948212,0.3022425976024117,0.0037428170454418493,59.73637135403226,0.09641608645950933,-0.5472069859573837,1.3853518298291085,-0.06044832205637363,0.015139439803667387,1013.4129808481808,0.0451249122140962,0.012967629687345876,-1.1987630322980927,-0.1393240167476506,0.0007783035191732127,0.41608180436357944,25188.60015278217,0,0,0,0,1
2025-01-07 04:00:00,26.043883131233795,64.06431059419481,1011.45839924799,25.025591750779604,59.97752854213536,1013.2703420505093,24.914741133451862,0.0882195138429809,-0.15885504688916152,-0.6128558832542647,0.2976176912573898,0.0036280133029407712,59.776514886905474,0.14632853878231497,0.2850637571094996,-0.24861366461691503,0.20071766436610972,0.014073774220433466,1013.3730033823631,0.06561721229107494,-1.0351358244881506,1.1441237811132463,-0.19988732908757356,0.0021214063653701063,0.41679814829939993,25247.926050900216,0,0,0,0,1
2025-01-07 05:00:00,25.593969346466373,63.14814420961806,1009.8223594343332,25.08802770862139,60.1728552248953,1013.184894877245,24.973034744872066,0.08689272019446174,0.2033954402375062,-1.0625893496849095,0.2914680571010244,0.003466866383317652,59.86564569724722,0.2239310605102249,0.2726848138064603,-0.5350714617253433,0.4456540517086651,0.021212052262279107,1013.3216959574617,0.09322358699870323,-0.8498321533980666,-0.6693175132619965,-0.2565371245082133,0.0034157924550065532,0.4171513400860062,25305.71792087838,0,0,0,0,1
